cylinders,avg_horsepower
4,82.6363636363636364
6,122.2857142857142857
8,209.2142857142857143
